USE Clinic;

INSERT INTO Patient(Patient_ID, FName, LName, Email, Phone, DOB,  Username, Password)
VALUE (1, 'John', 'Smith', 'john.smith1@example.com', '1234567891', '1985-02-15', 'johnsmith1', 'password123'),
(2, 'Emily', 'Johnson', 'emily.johnson2@example.com', '2345678912', '1992-06-22', 'emilyjohnson2', 'securepass'),
(3, 'Michael', 'Brown', 'michael.brown3@example.com', '3456789123', '1988-11-30', 'michaelbrown3', 'mypassword'),
(4, 'Sarah', 'Davis', 'sarah.davis4@example.com', '4567891234', '1995-05-10', 'sarahdavis4', 'letmein123'),
(5, 'David', 'Wilson', 'david.wilson5@example.com', '5678912345', '1982-07-19', 'davidwilson5', 'passw0rd'),
(6, 'Sophia', 'Garcia', 'sophia.garcia6@example.com', '6789123456', '1999-01-01', 'sophiagarcia6', 'randompass'),
(7, 'Daniel', 'Martinez', 'daniel.martinez7@example.com', '7891234567', '1987-09-14', 'danielmartinez7', 'martinez007'),
(8, 'Olivia', 'Hernandez', 'olivia.hernandez8@example.com', '8901234567', '2000-12-25', 'oliviahernandez8', 'oliviaxmas'),
(9, 'James', 'Lopez', 'james.lopez9@example.com', '9012345678', '1983-03-03', 'jameslopez9', 'passwordxyz'),
(10, 'Charlotte', 'Gonzalez', 'charlotte.gonzalez10@example.com', '1234509876', '1994-08-18', 'charlottegonzalez10', 'charlie123'),
(11, 'Liam', 'Perez', 'liam.perez11@example.com', '2345098765', '1986-04-11', 'liamperez11', 'liamrocks'),
(12, 'Mia', 'Young', 'mia.young12@example.com', '3450987654', '1993-07-21', 'miayoung12', 'miayoungpwd'),
(13, 'Ethan', 'Hall', 'ethan.hall13@example.com', '4560987653', '1991-02-09', 'ethanhall13', 'hallsecure'),
(14, 'Ava', 'Allen', 'ava.allen14@example.com', '5670987652', '1989-05-27', 'avaallen14', 'passwordava'),
(15, 'Noah', 'Scott', 'noah.scott15@example.com', '6780987651', '1984-01-17', 'noahscott15', 'scottnoah15'),
(16, 'Isabella', 'Torres', 'isabella.torres16@example.com', '7890987650', '2001-03-05', 'isabellatorres16', 'torresbella'),
(17, 'William', 'Nguyen', 'william.nguyen17@example.com', '8909876543', '1987-08-16', 'williamnguyen17', 'nguyenwill'),
(18, 'Amelia', 'Moore', 'amelia.moore18@example.com', '9018765432', '1998-12-12', 'ameliamoore18', 'moorepassword'),
(19, 'Benjamin', 'Taylor', 'benjamin.taylor19@example.com', '1237654321', '1980-04-20', 'benjamintaylor19', 'benjytaylor'),
(20, 'Harper', 'Anderson', 'harper.anderson20@example.com', '2346543210', '1990-07-04', 'harperanderson20', 'andersonharp'),
(21, 'Elijah', 'Thomas', 'elijah.thomas21@example.com', '3455432109', '1981-11-13', 'elijahthomas21', 'thomas123'),
(22, 'Abigail', 'White', 'abigail.white22@example.com', '4564321098', '1997-06-06', 'abigailwhite22', 'abigailsecure'),
(23, 'Alexander', 'Harris', 'alexander.harris23@example.com', '5673210987', '1983-10-10', 'alexanderharris23', 'harrispass'),
(24, 'Ella', 'Clark', 'ella.clark24@example.com', '6782109876', '2002-09-23', 'ellaclark24', 'clarkella24'),
(25, 'Logan', 'Lewis', 'logan.lewis25@example.com', '7891098765', '1996-01-31', 'loganlewis25', 'lewislogan25'),
(26, 'Avery', 'Walker', 'avery.walker26@example.com', '8900987654', '1988-05-25', 'averywalker26', 'walkeravery'),
(27, 'Jacob', 'Hill', 'jacob.hill27@example.com', '9019876543', '1994-12-01', 'jacobhill27', 'hilljacob'),
(28, 'Scarlett', 'Green', 'scarlett.green28@example.com', '1238765432', '1982-02-21', 'scarlettgreen28', 'greenscarlett'),
(29, 'Lucas', 'Adams', 'lucas.adams29@example.com', '2347654321', '1985-07-08', 'lucasadams29', 'adamslucas'),
(30, 'Victoria', 'Baker', 'victoria.baker30@example.com', '3456543212', '1999-10-30', 'victoriabaker30', 'bakersvictoria'),
(31, 'Henry', 'Carter', 'henry.carter31@example.com', '4565432103', '1984-03-12', 'henrycarter31', 'carterhenry'),
(32, 'Grace', 'Phillips', 'grace.phillips32@example.com', '5674321094', '1995-06-26', 'gracephillips32', 'phillipsgrace'),
(33, 'Jackson', 'Campbell', 'jackson.campbell33@example.com', '6783210985', '1990-08-14', 'jacksoncampbell33', 'campbelljack'),
(34, 'Chloe', 'Evans', 'chloe.evans34@example.com', '7892109876', '1992-01-02', 'chloeevans34', 'evanschloe'),
(35, 'Sebastian', 'Reed', 'sebastian.reed35@example.com', '8901098767', '1986-10-18', 'sebastianreed35', 'reedsebastian'),
(36, 'Zoe', 'Ward', 'zoe.ward36@example.com', '9010987658', '2003-09-09', 'zoeward36', 'wardzoe36'),
(37, 'Matthew', 'Flores', 'matthew.flores37@example.com', '1239876549', '1988-04-14', 'matthewflores37', 'floresmatt'),
(38, 'Ella', 'Parker', 'ella.parker38@example.com', '2348765430', '1991-11-28', 'ellaparker38', 'parkerella'),
(39, 'Oliver', 'Morris', 'oliver.morris39@example.com', '3457654321', '1993-05-17', 'olivermorris39', 'morrisoliver'),
(40, 'Sofia', 'King', 'sofia.king40@example.com', '4566543212', '2001-07-07', 'sofiaking40', 'kingsofia');

INSERT INTO specialty (Specialty_ID, Specialty_Name) 
VALUE (1, 'Cardiology'),
(2, 'Neurology'),
(3, 'Dermatology'),
(4, 'Pediatrics'),
(5, 'Orthopedics'),
(6, 'Ophthalmology'),
(7, 'Psychiatry'),
(8, 'Gastroenterology'),
(9, 'Oncology'),
(10, 'Radiology'),
(11, 'Anesthesiology'),
(12, 'Endocrinology'),
(13, 'Hematology'),
(14, 'Nephrology'),
(15, 'Pulmonology'),
(16, 'Urology'),
(17, 'Rheumatology'),
(18, 'Allergy and Immunology'),
(19, 'Plastic Surgery'),
(20, 'General Surgery'),
(21, 'Family Medicine'),
(22, 'Emergency Medicine'),
(23, 'Infectious Disease'),
(24, 'Pathology'),
(25, 'Occupational Medicine');

INSERT INTO Doctor (Doctor_ID, FName, LName, Specialty_ID, Username, Password) 
VALUE (1, 'Ethan', 'Bennett', 1, 'ethanbennett', 'password123'),
(2, 'Lily', 'Foster', 2, 'lilyfoster', 'securepass'),
(3, 'Nathan', 'Griffin', 3, 'nathangriffin', 'mypassword'),
(4, 'Chloe', 'Reyes', 4, 'chloereyes', 'letmein123'),
(5, 'Gabriel', 'Morgan', 5, 'gabrielmorgan', 'passw0rd'),
(6, 'Hannah', 'Diaz', 6, 'hannahdiaz', 'randompass'),
(7, 'Carter', 'Rivera', 7, 'carterrivera', 'riverapass'),
(8, 'Samantha', 'Cruz', 8, 'samanthacruz', 'cruzpwd'),
(9, 'Julian', 'Ramirez', 9, 'julianramirez', 'ramirez123'),
(10, 'Lucy', 'Morris', 10, 'lucymorris', 'morrislucy'),
(11, 'Caleb', 'Ortiz', 1, 'calebortiz', 'calebpass'),
(12, 'Ella', 'Jenkins', 2, 'ellajenkins', 'jenkinspwd'),
(13, 'Owen', 'Perry', 3, 'owenperry', 'perryowen'),
(14, 'Madison', 'Powell', 4, 'madisonpowell', 'powellmadison'),
(15, 'Sebastian', 'Cook', 5, 'sebastiancook', 'cooksebastian'),
(16, 'Grace', 'Bailey', 6, 'gracebailey', 'baileygrace'),
(17, 'Ryan', 'Howard', 7, 'ryanhoward', 'howardryan'),
(18, 'Zoey', 'Ward', 8, 'zoeyward', 'wardzoey'),
(19, 'Hunter', 'Bell', 9, 'hunterbell', 'bellhunter'),
(20, 'Natalie', 'Murphy', 10, 'nataliemurphy', 'murphy123'),
(21, 'Lucas', 'Barnes', 1, 'lucasbarnes', 'barneslucas'),
(22, 'Anna', 'Sanders', 2, 'annasanders', 'sandersanna'),
(23, 'Isaac', 'Hayes', 3, 'isaachayes', 'hayesisaac'),
(24, 'Aubrey', 'Ross', 4, 'aubreyross', 'rossaubrey'),
(25, 'Connor', 'Bryant', 5, 'connorbryant', 'bryantconnor'),
(26, 'Leah', 'Fisher', 6, 'leahfisher', 'fisherleah'),
(27, 'Adrian', 'Hansen', 7, 'adrianhansen', 'hansenadrian'),
(28, 'Scarlett', 'Castillo', 8, 'scarlettcastillo', 'castilloscarlett'),
(29, 'Eli', 'Webb', 9, 'eliwebb', 'webbeli'),
(30, 'Zara', 'Jordan', 10, 'zarajordan', 'jordanzara');

INSERT INTO Appointment (Appointment_ID, Patient_ID, Doctor_ID, Appointment_Date, is_Confirmed)
VALUE (1, 5, 10, '2024-12-01 10:00:00', 1),
(2, 12, 3, '2024-12-01 10:30:00', 0),
(3, 25, 7, '2024-12-02 11:00:00', 1),
(4, 33, 14, '2024-12-02 11:30:00', 0),
(5, 8, 2, '2024-12-03 12:00:00', 1),
(6, 18, 9, '2024-12-03 12:30:00', 1),
(7, 22, 4, '2024-12-04 13:00:00', 0),
(8, 35, 15, '2024-12-04 13:30:00', 1),
(9, 3, 8, '2024-12-05 14:00:00', 1),
(10, 40, 20, '2024-12-05 11:00:00', 1),
(11, 15, 11, '2024-12-06 11:30:00', 0),
(12, 7, 1, '2024-12-06 10:00:00', 1),
(13, 26, 16, '2024-12-07 12:30:00', 1),
(14, 30, 5, '2024-12-07 11:30:00', 0),
(15, 10, 18, '2024-12-08 13:00:00', 1),
(16, 21, 12, '2024-12-08 13:30:00', 1),
(17, 13, 6, '2024-12-09 11:00:00', 1),
(18, 38, 13, '2024-12-09 12:00:00', 1),
(19, 1, 9, '2024-12-10 11:30:00', 0),
(20, 27, 19, '2024-12-10 14:00:00', 1),
(21, 19, 22, '2024-12-11 12:00:00', 1),
(22, 17, 8, '2024-12-11 10:00:00', 1),
(23, 31, 25, '2024-12-12 11:30:00', 1),
(24, 2, 3, '2024-12-12 12:30:00', 0),
(25, 24, 7, '2024-12-13 14:00:00', 1),
(26, 9, 17, '2024-12-13 14:00:00', 0),
(27, 12, 28, '2024-12-14 13:00:00', 1),
(28, 16, 2, '2024-12-14 12:00:00', 1),
(29, 34, 5, '2024-12-15 10:30:00', 0),
(30, 20, 1, '2024-12-15 11:00:00', 1),
(31, 14, 19, '2024-12-16 12:00:00', 1),
(32, 29, 12, '2024-12-16 14:00:00', 0),
(33, 4, 14, '2024-12-17 12:30:00', 1),
(34, 37, 21, '2024-12-17 10:00:00', 1),
(35, 6, 9, '2024-12-18 13:30:00', 0),
(36, 28, 20, '2024-12-18 12:00:00', 1),
(37, 11, 6, '2024-12-19 10:30:00', 1),
(38, 39, 4, '2024-12-19 13:00:00', 1),
(39, 32, 23, '2024-12-20 12:30:00', 1),
(40, 23, 8, '2024-12-20 10:00:00', 1),
(41, 36, 10, '2024-12-21 13:00:00', 0),
(42, 25, 7, '2024-12-21 14:00:00', 1),
(43, 19, 2, '2024-12-22 14:00:00', 1),
(44, 22, 16, '2024-12-22 14:00:00', 0),
(45, 8, 24, '2024-12-23 13:30:00', 1),
(46, 18, 5, '2024-12-23 12:00:00', 1),
(47, 40, 11, '2024-12-24 10:30:00', 1),
(48, 33, 3, '2024-12-24 11:00:00', 0),
(49, 15, 18, '2024-12-25 12:00:00', 1),
(50, 9, 27, '2024-12-25 13:00:00', 0);

INSERT INTO Medical_Record (Record_ID, Patient_ID, Doctor_ID, Diagnosis, Treatment, Record_Date)
VALUE (1, 5, 10, 'Flu', 'Antiviral medication', '2024-12-01 10:15:00'),
(2, 12, 3, 'Sprained ankle', 'Rest and ice', '2024-12-01 10:45:00'),
(3, 25, 7, 'Migraine', 'Pain relievers and hydration', '2024-12-02 11:15:00'),
(4, 33, 14, 'Back pain', 'Physical therapy', '2024-12-02 11:45:00'),
(5, 8, 2, 'Stomach ache', 'Antacids and rest', '2024-12-03 12:15:00'),
(6, 18, 9, 'Cold', 'Decongestants and fluids', '2024-12-03 12:45:00'),
(7, 22, 4, 'Seasonal allergies', 'Antihistamines', '2024-12-04 13:15:00'),
(8, 35, 15, 'Broken wrist', 'Cast and pain management', '2024-12-04 13:45:00'),
(9, 3, 8, 'Asthma', 'Inhalers and bronchodilators', '2024-12-05 14:15:00'),
(10, 40, 20, 'Sinus infection', 'Antibiotics and nasal sprays', '2024-12-05 11:15:00'),
(11, 15, 11, 'Cough', 'Cough syrup and rest', '2024-12-06 12:15:00'),
(12, 7, 1, 'Rash', 'Topical ointment and antihistamines', '2024-12-06 10:15:00'),
(13, 26, 16, 'Anxiety', 'Counseling and medication', '2024-12-07 12:15:00'),
(14, 30, 5, 'Infection', 'Antibiotics', '2024-12-07 12:45:00'),
(15, 10, 18, 'Depression', 'Therapy and antidepressants', '2024-12-08 13:15:00'),
(16, 21, 12, 'Ear infection', 'Ear drops and pain relievers', '2024-12-08 13:45:00'),
(17, 13, 6, 'High blood pressure', 'Antihypertensive medication', '2024-12-09 11:15:00'),
(18, 38, 13, 'Diabetes', 'Insulin therapy and diet changes', '2024-12-09 12:15:00'),
(19, 1, 9, 'Gastroenteritis', 'Hydration and anti-nausea medication', '2024-12-10 11:45:00'),
(20, 27, 19, 'Knee injury', 'Ice and compression bandage', '2024-12-10 14:15:00'),
(21, 19, 22, 'Food poisoning', 'IV fluids and antiemetic drugs', '2024-12-11 12:15:00'),
(22, 17, 8, 'Throat infection', 'Antibiotics and rest', '2024-12-11 10:15:00'),
(23, 31, 25, 'Chronic pain', 'Pain management and physical therapy', '2024-12-12 11:45:00'),
(24, 2, 3, 'Conjunctivitis', 'Eye drops and rest', '2024-12-12 12:15:00'),
(25, 24, 7, 'Tonsillitis', 'Antibiotics and throat lozenges', '2024-12-13 14:15:00'),
(26, 9, 17, 'Chest infection', 'Antibiotics and cough medicine', '2024-12-13 14:15:00'),
(27, 12, 28, 'Cold sore', 'Topical antiviral cream', '2024-12-14 12:15:00'),
(28, 16, 2, 'Bacterial infection', 'Oral antibiotics', '2024-12-14 12:45:00'),
(29, 34, 5, 'Pneumonia', 'Antibiotics and rest', '2024-12-15 10:15:00'),
(30, 20, 1, 'Sprained wrist', 'Ice, rest, and brace', '2024-12-15 11:15:00'),
(31, 14, 19, 'Fatigue', 'Energy supplements and rest', '2024-12-16 12:15:00'),
(32, 29, 12, 'Allergic reaction', 'Antihistamines and steroids', '2024-12-16 14:15:00'),
(33, 4, 14, 'Osteoarthritis', 'Pain management and physical therapy', '2024-12-17 12:15:00'),
(34, 37, 21, 'Panic attack', 'Anti-anxiety medication', '2024-12-17 12:45:00'),
(35, 6, 9, 'Broken leg', 'Surgery and rehabilitation', '2024-12-18 13:15:00'),
(36, 28, 20, 'Headache', 'Pain relievers and rest', '2024-12-18 13:45:00'),
(37, 11, 6, 'Cold', 'Antihistamines and decongestants', '2024-12-19 10:45:00'),
(38, 39, 4, 'Flu', 'Antiviral medication and rest', '2024-12-19 11:15:00'),
(39, 32, 23, 'Asthma', 'Inhaler and steroids', '2024-12-20 12:15:00'),
(40, 23, 8, 'Diabetes', 'Insulin therapy and diet management', '2024-12-20 13:15:00'),
(41, 36, 10, 'Heartburn', 'Antacids and dietary changes', '2024-12-21 12:45:00'),
(42, 25, 7, 'Head cold', 'Nasal sprays and rest', '2024-12-21 14:15:00'),
(43, 19, 2, 'Allergic rhinitis', 'Nasal corticosteroids', '2024-12-22 14:15:00'),
(44, 22, 16, 'Migraine', 'Pain relievers and anti-nausea medication', '2024-12-22 14:15:00'),
(45, 8, 24, 'Skin infection', 'Antibiotics and topical ointment', '2024-12-23 12:15:00'),
(46, 18, 5, 'Back pain', 'Pain relievers and physical therapy', '2024-12-23 11:45:00'),
(47, 40, 11, 'Ear infection', 'Antibiotics and ear drops', '2024-12-24 13:15:00'),
(48, 33, 3, 'Gastritis', 'Antacids and proton pump inhibitors', '2024-12-24 12:45:00'),
(49, 15, 18, 'Sinus infection', 'Nasal decongestants and antibiotics', '2024-12-25 10:45:00'),
(50, 9, 27, 'Flu', 'Antiviral medication and hydration', '2024-12-25 11:15:00');

INSERT INTO Payment (Payment_ID, Appointment_ID, Payment_Date, Amount, Payment_Status)
VALUE (1, 1, '2024-12-01 10:00:00', 500.00, 'Completed'),
(2, 2, '2024-12-01 10:30:00', 450.00, 'Pending'),
(3, 3, '2024-12-02 11:00:00', 700.00, 'Completed'),
(4, 4, '2024-12-02 11:30:00', 600.00, 'Pending'),
(5, 5, '2024-12-03 12:00:00', 900.00, 'Completed'),
(6, 6, '2024-12-03 12:30:00', 500.00, 'Completed'),
(7, 7, '2024-12-04 13:00:00', 400.00, 'Pending'),
(8, 8, '2024-12-04 13:30:00', 800.00, 'Completed'),
(9, 9, '2024-12-05 14:00:00', 600.00, 'Completed'),
(10, 10, '2024-12-05 11:00:00', 500.00, 'Completed'),
(11, 11, '2024-12-06 11:30:00', 700.00, 'Pending'),
(12, 12, '2024-12-06 10:00:00', 400.00, 'Completed'),
(13, 13, '2024-12-07 12:30:00', 1000.00, 'Completed'),
(14, 14, '2024-12-07 11:30:00', 900.00, 'Pending'),
(15, 15, '2024-12-08 13:00:00', 750.00, 'Completed'),
(16, 16, '2024-12-08 13:30:00', 650.00, 'Completed'),
(17, 17, '2024-12-09 11:00:00', 800.00, 'Completed'),
(18, 18, '2024-12-09 12:00:00', 900.00, 'Completed'),
(19, 19, '2024-12-10 11:30:00', 400.00, 'Pending'),
(20, 20, '2024-12-10 14:00:00', 700.00, 'Completed'),
(21, 21, '2024-12-11 12:00:00', 1000.00, 'Completed'),
(22, 22, '2024-12-11 10:00:00', 600.00, 'Completed'),
(23, 23, '2024-12-12 11:30:00', 800.00, 'Completed'),
(24, 24, '2024-12-12 12:30:00', 700.00, 'Pending'),
(25, 25, '2024-12-13 14:00:00', 500.00, 'Completed'),
(26, 26, '2024-12-13 14:00:00', 600.00, 'Pending'),
(27, 27, '2024-12-14 13:00:00', 700.00, 'Completed'),
(28, 28, '2024-12-14 12:00:00', 600.00, 'Completed'),
(29, 29, '2024-12-15 10:30:00', 800.00, 'Pending'),
(30, 30, '2024-12-15 11:00:00', 500.00, 'Completed'),
(31, 31, '2024-12-16 12:00:00', 900.00, 'Completed'),
(32, 32, '2024-12-16 14:00:00', 600.00, 'Pending'),
(33, 33, '2024-12-17 12:30:00', 800.00, 'Completed'),
(34, 34, '2024-12-17 10:00:00', 650.00, 'Completed'),
(35, 35, '2024-12-18 13:30:00', 500.00, 'Pending'),
(36, 36, '2024-12-18 12:00:00', 700.00, 'Completed'),
(37, 37, '2024-12-19 10:30:00', 400.00, 'Completed'),
(38, 38, '2024-12-19 13:00:00', 600.00, 'Completed'),
(39, 39, '2024-12-20 12:30:00', 500.00, 'Completed'),
(40, 40, '2024-12-20 10:00:00', 700.00, 'Completed'),
(41, 41, '2024-12-21 13:00:00', 800.00, 'Pending'),
(42, 42, '2024-12-21 14:00:00', 1000.00, 'Completed'),
(43, 43, '2024-12-22 14:00:00', 400.00, 'Completed'),
(44, 44, '2024-12-22 14:00:00', 600.00, 'Pending'),
(45, 45, '2024-12-23 13:30:00', 500.00, 'Completed'),
(46, 46, '2024-12-23 12:00:00', 700.00, 'Completed'),
(47, 47, '2024-12-24 10:30:00', 1000.00, 'Completed'),
(48, 48, '2024-12-24 11:00:00', 500.00, 'Pending'),
(49, 49, '2024-12-25 12:00:00', 600.00, 'Completed'),
(50, 50, '2024-12-25 13:00:00', 700.00, 'Pending');